{"train": [31.045677820841473], "val": [15.99406909942627]}{"train": [0.18697916666666667], "val": [0.21484375]}