{"train": [16.27744265965053, 10.922759532928467, 9.787026984351021, 9.042855535234724, 8.368956157139369], "val": [11.530842781066895, 10.299836794535318, 9.214183807373047, 8.49218495686849, 7.914844671885173]}