{"train": [16.300599030085973, 10.81607450757708, 9.615668943950109, 8.715535742895943, 7.950417654854911], "val": [11.398510297139486, 9.395377477010092, 8.300867875417074, 7.398068110148112, 6.8154323895772295]}