{"train": [15.595002365112304], "val": [11.65776252746582]}{"train": [0.19166666666666668], "val": [0.12760416666666666]}