{"train": [15.920866080692836, 10.717630999428886, 9.466906649725777, 8.457062312534877, 7.813765627997262], "val": [11.602555910746256, 9.544387817382812, 8.534341176350912, 7.726443926493327, 7.069077014923096]}