{"train": [15.728776999882289, 10.77276257106236, 9.559820243290492], "val": [11.164857864379883, 9.698735872904459, 8.776532491048178]}